pID,sno,ETA, @U,ETD, >U, @Role, @Mx,Age-Gp,SuscIndx,
0,0,0,0,-1,0,R,1,0,,
1,0,0,0,-1,0,R,1,0,,
2,0,0,0,-1,0,R,1,0,,
3,0,0,0,-1,0,R,1,0,,
4,0,0,0,-1,0,R,1,0,,
5,0,0,0,-1,0,R,1,0,,
6,0,0,0,-1,0,R,1,0,,
7,0,0,0,-1,0,R,1,0,,
8,0,0,0,-1,0,R,1,0,,
9,0,0,0,-1,0,R,1,0,,
10,0,0,0,-1,0,R,1,0,,
11,0,0,0,-1,0,R,1,0,,
12,0,0,0,-1,0,R,1,0,,
13,0,0,0,-1,0,R,1,0,,
14,0,0,0,-1,0,R,1,0,,
15,0,0,0,-1,0,R,1,0,,
16,0,0,0,-1,0,R,1,0,,
17,0,0,0,-1,0,R,1,0,,
18,0,0,0,-1,0,R,1,0,,
19,0,0,0,-1,0,R,1,0,,
20,0,0,0,-1,0,R,1,0,,
21,0,0,0,-1,0,R,1,0,,
22,0,0,0,-1,0,R,1,0,,
23,0,0,0,-1,0,R,1,0,,
24,0,0,0,-1,0,R,1,0,,
25,0,0,0,-1,0,R,1,0,,
26,0,0,0,-1,0,R,1,0,,
27,0,0,0,-1,0,R,1,0,,
28,0,0,0,-1,0,R,1,0,,
29,0,0,0,-1,0,R,1,0,,
30,0,0,0,-1,0,R,1,0,,
31,0,0,0,-1,0,R,1,0,,
32,0,0,0,-1,0,R,1,0,,
33,0,0,0,-1,0,R,1,0,,
34,0,0,0,-1,0,R,1,0,,
35,0,0,0,-1,0,R,1,0,,
36,0,0,0,-1,0,R,1,0,,
37,0,0,0,-1,0,R,1,0,,
38,0,0,0,-1,0,R,1,0,,
39,0,0,0,-1,0,R,1,0,,
40,0,0,0,-1,0,R,1,1,,
41,0,0,0,-1,0,R,1,1,,
42,0,0,0,-1,0,R,1,1,,
43,0,0,0,-1,0,R,1,1,,
44,0,0,0,-1,0,R,1,1,,
45,0,0,0,-1,0,R,1,1,,
46,0,0,0,-1,0,R,1,1,,
47,0,0,0,-1,0,R,1,1,,
48,0,0,0,-1,0,R,1,1,,
49,0,0,0,-1,0,R,1,1,,
50,0,0,0,-1,0,R,1,1,,
51,0,0,0,-1,0,R,1,1,,
52,0,0,0,-1,0,R,1,1,,
53,0,0,0,-1,0,R,1,1,,
54,0,0,0,-1,0,R,1,1,,
55,0,0,0,-1,0,R,1,1,,
56,0,0,0,-1,0,R,1,1,,
57,0,0,0,-1,0,R,1,1,,
58,0,0,0,-1,0,R,1,1,,
59,0,0,0,-1,0,R,1,1,,
60,0,0,0,-1,0,R,1,1,,
61,0,0,0,-1,0,R,1,1,,
62,0,0,0,-1,0,R,1,1,,
63,0,0,0,-1,0,R,1,1,,
64,0,0,0,-1,0,R,1,1,,
65,0,0,0,-1,0,R,1,1,,
66,0,0,0,-1,0,R,1,1,,
67,0,0,0,-1,0,R,1,1,,
68,0,0,0,-1,0,R,1,1,,
69,0,0,0,-1,0,R,1,1,,
70,0,0,0,-1,0,R,1,1,,
71,0,0,0,-1,0,R,1,1,,
72,0,0,0,-1,0,R,1,1,,
73,0,0,0,-1,0,R,1,1,,
74,0,0,0,-1,0,R,1,1,,
75,0,0,0,-1,0,R,1,1,,
76,0,0,0,-1,0,R,1,1,,
77,0,0,0,-1,0,R,1,1,,
78,0,0,0,-1,0,R,1,1,,
79,0,0,0,-1,0,R,1,1,,
80,0,0,0,-1,0,R,1,1,,
81,0,0,0,-1,0,R,1,1,,
82,0,0,0,-1,0,R,1,1,,
83,0,0,0,-1,0,R,1,1,,
84,0,0,0,-1,0,R,1,1,,
85,0,0,0,-1,0,R,1,1,,
86,0,0,0,-1,0,R,1,1,,
87,0,0,0,-1,0,R,1,1,,
88,0,0,0,-1,0,R,1,1,,
89,0,0,0,-1,0,R,1,1,,
90,0,0,0,-1,0,R,1,1,,
91,0,0,0,-1,0,R,1,1,,
92,0,0,0,-1,0,R,1,1,,
93,0,0,0,-1,0,R,1,1,,
94,0,0,0,-1,0,R,1,1,,
95,0,0,0,-1,0,R,1,1,,
96,0,0,0,-1,0,R,1,1,,
97,0,0,0,-1,0,R,1,1,,
98,0,0,0,-1,0,R,1,1,,
99,0,0,0,-1,0,R,1,1,,
100,0,0,0,-1,0,R,1,1,,
101,0,0,0,-1,0,R,1,1,,
102,0,0,0,-1,0,R,1,1,,
103,0,0,0,-1,0,R,1,1,,
104,0,0,0,-1,0,R,1,1,,
105,0,0,0,-1,0,R,1,1,,
106,0,0,0,-1,0,R,1,1,,
107,0,0,0,-1,0,R,1,1,,
108,0,0,0,-1,0,R,1,1,,
109,0,0,0,-1,0,R,1,1,,
110,0,0,0,-1,0,R,1,1,,
111,0,0,0,-1,0,R,1,1,,
112,0,0,0,-1,0,R,1,1,,
113,0,0,0,-1,0,R,1,1,,
114,0,0,0,-1,0,R,1,1,,
115,0,0,0,-1,0,R,1,1,,
116,0,0,0,-1,0,R,1,1,,
117,0,0,0,-1,0,R,1,1,,
118,0,0,0,-1,0,R,1,1,,
119,0,0,0,-1,0,R,1,1,,
120,0,0,0,-1,0,R,1,1,,
121,0,0,0,-1,0,R,1,1,,
122,0,0,0,-1,0,R,1,1,,
123,0,0,0,-1,0,R,1,1,,
124,0,0,0,-1,0,R,1,1,,
125,0,0,0,-1,0,R,1,1,,
126,0,0,0,-1,0,R,1,1,,
127,0,0,0,-1,0,R,1,1,,
128,0,0,0,-1,0,R,1,1,,
129,0,0,0,-1,0,R,1,1,,
130,0,0,0,-1,0,R,1,1,,
131,0,0,0,-1,0,R,1,2,,
132,0,0,0,-1,0,R,1,2,,
133,0,0,0,-1,0,R,1,2,,
134,0,0,0,-1,0,R,1,2,,
135,0,0,0,-1,0,R,1,2,,
136,0,0,0,-1,0,R,1,2,,
137,0,0,0,-1,0,R,1,2,,
138,0,0,0,-1,0,R,1,2,,
139,0,0,0,-1,0,R,1,2,,
140,0,0,0,-1,0,R,1,2,,
141,0,0,0,-1,0,R,1,2,,
142,0,0,0,-1,0,R,1,2,,
143,0,0,0,-1,0,R,1,2,,
144,0,0,0,-1,0,R,1,2,,
145,0,0,0,-1,0,R,1,2,,
146,0,0,0,-1,0,R,1,2,,
147,0,0,0,-1,0,R,1,2,,
148,0,0,0,-1,0,R,1,2,,
149,0,0,0,-1,0,R,1,2,,
150,0,0,0,-1,0,R,1,2,,
151,0,0,0,-1,0,R,1,2,,
152,0,0,0,-1,0,R,1,2,,
153,0,0,0,-1,0,R,1,2,,
154,0,0,0,-1,0,R,1,2,,
155,0,0,0,-1,0,R,1,2,,
156,0,0,0,-1,0,R,1,2,,
157,0,0,0,-1,0,R,1,2,,
158,0,0,0,-1,0,R,1,2,,
159,0,0,0,-1,0,R,1,2,,
160,0,0,0,-1,0,R,1,2,,
161,0,0,0,-1,0,R,1,2,,
162,0,0,0,-1,0,R,1,2,,
163,0,0,0,-1,0,R,1,2,,
164,0,0,0,-1,0,R,1,2,,
165,0,0,0,-1,0,R,1,2,,
166,0,0,0,-1,0,R,1,2,,
167,0,0,0,-1,0,R,1,2,,
168,0,0,0,-1,0,R,1,2,,
169,0,0,0,-1,0,R,1,2,,
170,0,0,0,-1,0,R,1,2,,
171,0,0,0,-1,0,R,1,2,,
172,0,0,0,-1,0,R,1,2,,
173,0,0,0,-1,0,R,1,2,,
174,0,0,0,-1,0,R,1,2,,
175,0,0,0,-1,0,R,1,2,,
176,0,0,0,-1,0,R,1,2,,
177,0,0,0,-1,0,R,1,2,,
178,0,0,0,-1,0,R,1,2,,
179,0,0,0,-1,0,R,1,2,,
180,0,0,0,-1,0,R,1,2,,
181,0,0,0,-1,0,R,1,2,,
182,0,0,0,-1,0,R,1,2,,
183,0,0,0,-1,0,R,1,2,,
184,0,0,0,-1,0,R,1,2,,
185,0,0,0,-1,0,R,1,2,,
186,0,0,0,-1,0,R,1,2,,
187,0,0,0,-1,0,R,1,2,,
188,0,0,0,-1,0,R,1,2,,
189,0,0,0,-1,0,R,1,2,,
190,0,0,0,-1,0,R,1,2,,
191,0,0,0,-1,0,R,1,2,,
192,0,0,0,-1,0,R,1,2,,
193,0,0,0,-1,0,R,1,2,,
194,0,0,0,-1,0,R,1,2,,
195,0,0,0,-1,0,R,1,2,,
196,0,0,0,-1,0,R,1,2,,
197,0,0,0,-1,0,R,1,2,,
198,0,0,0,-1,0,R,1,2,,
199,0,0,0,-1,0,R,1,2,,
200,0,0,0,-1,0,R,1,2,,
201,0,0,0,-1,0,R,1,2,,
202,0,0,0,-1,0,R,1,2,,
203,0,0,0,-1,0,R,1,2,,
204,0,0,0,-1,0,R,1,2,,
205,0,0,0,-1,0,R,1,2,,
206,0,0,0,-1,0,R,1,2,,
207,0,0,0,-1,0,R,1,2,,
208,0,0,0,-1,0,R,1,2,,
209,0,0,0,-1,0,R,1,2,,
210,0,0,0,-1,0,R,1,2,,
211,0,0,0,-1,0,R,1,2,,
212,0,0,0,-1,0,R,1,2,,
213,0,0,0,-1,0,R,1,2,,
214,0,0,0,-1,0,R,1,2,,
215,0,0,0,-1,0,R,1,2,,
216,0,0,0,-1,0,R,1,2,,
217,0,0,0,-1,0,R,1,2,,
218,0,0,0,-1,0,R,1,2,,
219,0,0,0,-1,0,R,1,2,,
220,0,0,0,-1,0,R,1,2,,
221,0,0,0,-1,0,R,1,2,,
222,0,0,0,-1,0,R,1,2,,
223,0,0,0,-1,0,R,1,2,,
224,0,0,0,-1,0,R,1,2,,
225,0,0,0,-1,0,R,1,2,,
226,0,0,0,-1,0,R,1,2,,
227,0,0,0,-1,0,R,1,2,,
228,0,0,0,-1,0,R,1,2,,
229,0,0,0,-1,0,R,1,2,,
230,0,0,0,-1,0,R,1,2,,
231,0,0,0,-1,0,R,1,2,,
232,0,0,0,-1,0,R,1,2,,
233,0,0,0,-1,0,R,1,2,,
234,0,0,0,-1,0,R,1,2,,
235,0,0,0,-1,0,R,1,2,,
236,0,0,0,-1,0,R,1,2,,
237,0,0,0,-1,0,R,1,2,,
238,0,0,0,-1,0,R,1,2,,
239,0,0,0,-1,0,R,1,2,,
240,0,0,0,-1,0,R,1,2,,
241,0,0,0,-1,0,R,1,2,,
242,0,0,0,-1,0,R,1,2,,
243,0,0,0,-1,0,R,1,2,,
244,0,0,0,-1,0,R,1,2,,
245,0,0,0,-1,0,R,1,2,,
246,0,0,0,-1,0,R,1,2,,
247,0,0,0,-1,0,R,1,2,,
248,0,0,0,-1,0,R,1,2,,
249,0,0,0,-1,0,R,1,2,,
250,0,0,0,-1,0,R,1,2,,
251,0,0,0,-1,0,R,1,2,,
252,0,0,0,-1,0,R,1,2,,
253,0,0,0,-1,0,R,1,2,,
254,0,0,0,-1,0,R,1,2,,
255,0,0,0,-1,0,R,1,2,,
256,0,0,0,-1,0,R,1,2,,
257,0,0,0,-1,0,R,1,2,,
258,0,0,0,-1,0,R,1,2,,
259,0,0,0,-1,0,R,1,2,,
260,0,0,0,-1,0,R,1,2,,
261,0,0,0,-1,0,R,1,2,,
262,0,0,0,-1,0,R,1,2,,
263,0,0,0,-1,0,R,1,2,,
264,0,0,0,-1,0,R,1,2,,
265,0,0,0,-1,0,R,1,2,,
266,0,0,0,-1,0,R,1,2,,
267,0,0,0,-1,0,R,1,2,,
268,0,0,0,-1,0,R,1,2,,
269,0,0,0,-1,0,R,1,2,,
270,0,0,0,-1,0,R,1,2,,
271,0,0,0,-1,0,R,1,2,,
272,0,0,0,-1,0,R,1,2,,
273,0,0,0,-1,0,R,1,2,,
274,0,0,0,-1,0,R,1,2,,
275,0,0,0,-1,0,R,1,2,,
276,0,0,0,-1,0,R,1,2,,
277,0,0,0,-1,0,R,1,2,,
278,0,0,0,-1,0,R,1,2,,
279,0,0,0,-1,0,R,1,2,,
280,0,0,0,-1,0,R,1,2,,
281,0,0,0,-1,0,R,1,2,,
282,0,0,0,-1,0,R,1,2,,
283,0,0,0,-1,0,R,1,2,,
284,0,0,0,-1,0,R,1,2,,
285,0,0,0,-1,0,R,1,2,,
286,0,0,0,-1,0,R,1,2,,
287,0,0,0,-1,0,R,1,2,,
288,0,0,0,-1,0,R,1,2,,
289,0,0,0,-1,0,R,1,2,,
290,0,0,0,-1,0,R,1,2,,
291,0,0,0,-1,0,R,1,2,,
292,0,0,0,-1,0,R,1,2,,
293,0,0,0,-1,0,R,1,2,,
294,0,0,0,-1,0,R,1,2,,
295,0,0,0,-1,0,R,1,2,,
296,0,0,0,-1,0,R,1,2,,
297,0,0,0,-1,0,R,1,2,,
298,0,0,0,-1,0,R,1,2,,
299,0,0,0,-1,0,R,1,2,,
300,0,0,0,-1,0,R,1,2,,
301,0,0,0,-1,0,R,1,2,,
302,0,0,0,-1,0,R,1,2,,
303,0,0,0,-1,0,R,1,2,,
304,0,0,0,-1,0,R,1,2,,
305,0,0,0,-1,0,R,1,2,,
306,0,0,0,-1,0,R,1,2,,
307,0,0,0,-1,0,R,1,2,,
308,0,0,0,-1,0,R,1,2,,
309,0,0,0,-1,0,R,1,2,,
310,0,0,0,-1,0,R,1,2,,
311,0,0,0,-1,0,R,1,2,,
312,0,0,0,-1,0,R,1,2,,
313,0,0,0,-1,0,R,1,2,,
314,0,0,0,-1,0,R,1,2,,
315,0,0,0,-1,0,R,1,2,,
316,0,0,0,-1,0,R,1,2,,
317,0,0,0,-1,0,R,1,2,,
318,0,0,0,-1,0,R,1,2,,
319,0,0,0,-1,0,R,1,2,,
320,0,0,0,-1,0,R,1,2,,
321,0,0,0,-1,0,R,1,2,,
322,0,0,0,-1,0,R,1,2,,
323,0,0,0,-1,0,R,1,2,,
324,0,0,0,-1,0,R,1,2,,
325,0,0,0,-1,0,R,1,2,,
326,0,0,0,-1,0,R,1,2,,
327,0,0,0,-1,0,R,1,2,,
328,0,0,0,-1,0,R,1,2,,
329,0,0,0,-1,0,R,1,2,,
330,0,0,0,-1,0,R,1,2,,
331,0,0,0,-1,0,R,1,2,,
332,0,0,0,-1,0,R,1,2,,
333,0,0,0,-1,0,R,1,2,,
334,0,0,0,-1,0,R,1,2,,
335,0,0,0,-1,0,R,1,2,,
336,0,0,0,-1,0,R,1,2,,
337,0,0,0,-1,0,R,1,2,,
338,0,0,0,-1,0,R,1,2,,
339,0,0,0,-1,0,R,1,2,,
340,0,0,0,-1,0,R,1,2,,
341,0,0,0,-1,0,R,1,2,,
342,0,0,0,-1,0,R,1,2,,
343,0,0,0,-1,0,R,1,2,,
344,0,0,0,-1,0,R,1,2,,
345,0,0,0,-1,0,R,1,2,,
346,0,0,0,-1,0,R,1,2,,
347,0,0,0,-1,0,R,1,2,,
348,0,0,0,-1,0,R,1,2,,
349,0,0,0,-1,0,R,1,2,,
350,0,0,0,-1,0,R,1,2,,
351,0,0,0,-1,0,R,1,2,,
352,0,0,0,-1,0,R,1,2,,
353,0,0,0,-1,0,R,1,2,,
354,0,0,0,-1,0,R,1,2,,
355,0,0,0,-1,0,R,1,2,,
356,0,0,0,-1,0,R,1,2,,
357,0,0,0,-1,0,R,1,2,,
358,0,0,0,-1,0,R,1,2,,
359,0,0,0,-1,0,R,1,3,,
360,0,0,0,-1,0,R,1,3,,
361,0,0,0,-1,0,R,1,3,,
362,0,0,0,-1,0,R,1,3,,
363,0,0,0,-1,0,R,1,3,,
364,0,0,0,-1,0,R,1,3,,
365,0,0,0,-1,0,R,1,3,,
366,0,0,0,-1,0,R,1,3,,
367,0,0,0,-1,0,R,1,3,,
368,0,0,0,-1,0,R,1,3,,
369,0,0,0,-1,0,R,1,3,,
370,0,0,0,-1,0,R,1,3,,
371,0,0,0,-1,0,R,1,3,,
372,0,0,0,-1,0,R,1,3,,
373,0,0,0,-1,0,R,1,3,,
374,0,0,0,-1,0,R,1,3,,
375,0,0,0,-1,0,R,1,3,,
376,0,0,0,-1,0,R,1,3,,
377,0,0,0,-1,0,R,1,3,,
378,0,0,0,-1,0,R,1,3,,
379,0,0,0,-1,0,R,1,3,,
380,0,0,0,-1,0,R,1,3,,
381,0,0,0,-1,0,R,1,3,,
382,0,0,0,-1,0,R,1,3,,
383,0,0,0,-1,0,R,1,3,,
384,0,0,0,-1,0,R,1,3,,
385,0,0,0,-1,0,R,1,3,,
386,0,0,0,-1,0,R,1,3,,
387,0,0,0,-1,0,R,1,3,,
388,0,0,0,-1,0,R,1,3,,
389,0,0,0,-1,0,R,1,3,,
390,0,0,0,-1,0,R,1,3,,
391,0,0,0,-1,0,R,1,3,,
392,0,0,0,-1,0,R,1,3,,
393,0,0,0,-1,0,R,1,3,,
394,0,0,0,-1,0,R,1,3,,
395,0,0,0,-1,0,R,1,3,,
396,0,0,0,-1,0,R,1,3,,
397,0,0,0,-1,0,R,1,3,,
398,0,0,0,-1,0,R,1,3,,
399,0,0,0,-1,0,R,1,3,,
400,0,0,0,-1,0,R,1,3,,
401,0,0,0,-1,0,R,1,3,,
402,0,0,0,-1,0,R,1,3,,
403,0,0,0,-1,0,R,1,3,,
404,0,0,0,-1,0,R,1,3,,
405,0,0,0,-1,0,R,1,3,,
406,0,0,0,-1,0,R,1,3,,
407,0,0,0,-1,0,R,1,3,,
408,0,0,0,-1,0,R,1,3,,
409,0,0,0,-1,0,R,1,3,,
410,0,0,0,-1,0,R,1,3,,
411,0,0,0,-1,0,R,1,3,,
412,0,0,0,-1,0,R,1,3,,
413,0,0,0,-1,0,R,1,3,,
414,0,0,0,-1,0,R,1,3,,
415,0,0,0,-1,0,R,1,3,,
416,0,0,0,-1,0,R,1,3,,
417,0,0,0,-1,0,R,1,3,,
418,0,0,0,-1,0,R,1,3,,
419,0,0,0,-1,0,R,1,3,,
420,0,0,0,-1,0,R,1,3,,
421,0,0,0,-1,0,R,1,3,,
422,0,0,0,-1,0,R,1,3,,
423,0,0,0,-1,0,R,1,3,,
424,0,0,0,-1,0,R,1,3,,
425,0,0,0,-1,0,R,1,3,,
426,0,0,0,-1,0,R,1,3,,
427,0,0,0,-1,0,R,1,3,,
428,0,0,0,-1,0,R,1,3,,
429,0,0,0,-1,0,R,1,3,,
430,0,0,0,-1,0,R,1,3,,
431,0,0,0,-1,0,R,1,3,,
432,0,0,0,-1,0,R,1,3,,
433,0,0,0,-1,0,R,1,3,,
434,0,0,0,-1,0,R,1,3,,
435,0,0,0,-1,0,R,1,3,,
436,0,0,0,-1,0,R,1,3,,
437,0,0,0,-1,0,R,1,3,,
438,0,0,0,-1,0,R,1,3,,
439,0,0,0,-1,0,R,1,3,,
440,0,0,0,-1,0,R,1,3,,
441,0,0,0,-1,0,R,1,3,,
442,0,0,0,-1,0,R,1,3,,
443,0,0,0,-1,0,R,1,3,,
444,0,0,0,-1,0,R,1,3,,
445,0,0,0,-1,0,R,1,3,,
446,0,0,0,-1,0,R,1,3,,
447,0,0,0,-1,0,R,1,3,,
448,0,0,0,-1,0,R,1,3,,
449,0,0,0,-1,0,R,1,3,,
450,0,0,0,-1,0,R,1,3,,
451,0,0,0,-1,0,R,1,3,,
452,0,0,0,-1,0,R,1,3,,
453,0,0,0,-1,0,R,1,3,,
454,0,0,0,-1,0,R,1,3,,
455,0,0,0,-1,0,R,1,3,,
456,0,0,0,-1,0,R,1,3,,
457,0,0,0,-1,0,R,1,3,,
458,0,0,0,-1,0,R,1,3,,
459,0,0,0,-1,0,R,1,3,,
460,0,0,0,-1,0,R,1,3,,
461,0,0,0,-1,0,R,1,3,,
462,0,0,0,-1,0,R,1,3,,
463,0,0,0,-1,0,R,1,3,,
464,0,0,0,-1,0,R,1,3,,
465,0,0,0,-1,0,R,1,3,,
466,0,0,0,-1,0,R,1,3,,
467,0,0,0,-1,0,R,1,3,,
468,0,0,0,-1,0,R,1,3,,
469,0,0,0,-1,0,R,1,3,,
470,0,0,0,-1,0,R,1,3,,
471,0,0,0,-1,0,R,1,3,,
472,0,0,0,-1,0,R,1,3,,
473,0,0,0,-1,0,R,1,3,,
474,0,0,0,-1,0,R,1,3,,
475,0,0,0,-1,0,R,1,3,,
476,0,0,0,-1,0,R,1,3,,
477,0,0,0,-1,0,R,1,3,,
478,0,0,0,-1,0,R,1,3,,
479,0,0,0,-1,0,R,1,3,,
480,0,0,0,-1,0,R,1,3,,
481,0,0,0,-1,0,R,1,3,,
482,0,0,0,-1,0,R,1,3,,
483,0,0,0,-1,0,R,1,3,,
484,0,0,0,-1,0,R,1,3,,
485,0,0,0,-1,0,R,1,3,,
486,0,0,0,-1,0,R,1,3,,
487,0,0,0,-1,0,R,1,3,,
488,0,0,0,-1,0,R,1,3,,
489,0,0,0,-1,0,R,1,3,,
490,0,0,0,-1,0,R,1,3,,
491,0,0,0,-1,0,R,1,3,,
492,0,0,0,-1,0,R,1,3,,
493,0,0,0,-1,0,R,1,3,,
494,0,0,0,-1,0,R,1,3,,
495,0,0,0,-1,0,R,1,3,,
496,0,0,0,-1,0,R,1,3,,
497,0,0,0,-1,0,R,1,3,,
498,0,0,0,-1,0,R,1,3,,
499,0,0,0,-1,0,R,1,3,,
500,0,0,0,-1,0,R,1,3,,
501,0,0,0,-1,0,R,1,3,,
502,0,0,0,-1,0,R,1,3,,
503,0,0,0,-1,0,R,1,3,,
504,0,0,0,-1,0,R,1,3,,
505,0,0,0,-1,0,R,1,3,,
506,0,0,0,-1,0,R,1,3,,
507,0,0,0,-1,0,R,1,3,,
508,0,0,0,-1,0,R,1,3,,
509,0,0,0,-1,0,R,1,3,,
510,0,0,0,-1,0,R,1,3,,
511,0,0,0,-1,0,R,1,3,,
512,0,0,0,-1,0,R,1,3,,
513,0,0,0,-1,0,R,1,3,,
514,0,0,0,-1,0,R,1,3,,
515,0,0,0,-1,0,R,1,3,,
516,0,0,0,-1,0,R,1,3,,
517,0,0,0,-1,0,R,1,3,,
518,0,0,0,-1,0,R,1,3,,
519,0,0,0,-1,0,R,1,3,,
520,0,0,0,-1,0,R,1,3,,
521,0,0,0,-1,0,R,1,3,,
522,0,0,0,-1,0,R,1,3,,
523,0,0,0,-1,0,R,1,3,,
524,0,0,0,-1,0,R,1,3,,
525,0,0,0,-1,0,R,1,3,,
526,0,0,0,-1,0,R,1,3,,
527,0,0,0,-1,0,R,1,3,,
528,0,0,0,-1,0,R,1,3,,
529,0,0,0,-1,0,R,1,3,,
530,0,0,0,-1,0,R,1,3,,
531,0,0,0,-1,0,R,1,3,,
532,0,0,0,-1,0,R,1,3,,
533,0,0,0,-1,0,R,1,3,,
534,0,0,0,-1,0,R,1,3,,
535,0,0,0,-1,0,R,1,3,,
536,0,0,0,-1,0,R,1,3,,
537,0,0,0,-1,0,R,1,3,,
538,0,0,0,-1,0,R,1,3,,
539,0,0,0,-1,0,R,1,3,,
540,0,0,0,-1,0,R,1,3,,
541,0,0,0,-1,0,R,1,4,,
542,0,0,0,-1,0,R,1,4,,
543,0,0,0,-1,0,R,1,4,,
544,0,0,0,-1,0,R,1,4,,
545,0,0,0,-1,0,R,1,4,,
546,0,0,0,-1,0,R,1,4,,
547,0,0,0,-1,0,R,1,4,,
548,0,0,0,-1,0,R,1,4,,
549,0,0,0,-1,0,R,1,4,,
550,0,0,0,-1,0,R,1,4,,
551,0,0,0,-1,0,R,1,4,,
552,0,0,0,-1,0,R,1,4,,
553,0,0,0,-1,0,R,1,4,,
554,0,0,0,-1,0,R,1,4,,
555,0,0,0,-1,0,R,1,4,,
556,0,0,0,-1,0,R,1,4,,
557,0,0,0,-1,0,R,1,4,,
558,0,0,0,-1,0,R,1,4,,
559,0,0,0,-1,0,R,1,4,,
560,0,0,0,-1,0,R,1,4,,
561,0,0,0,-1,0,R,1,4,,
562,0,0,0,-1,0,R,1,4,,
563,0,0,0,-1,0,R,1,4,,
564,0,0,0,-1,0,R,1,4,,
565,0,0,0,-1,0,R,1,4,,
566,0,0,0,-1,0,R,1,4,,
567,0,0,0,-1,0,R,1,4,,
568,0,0,0,-1,0,R,1,4,,
569,0,0,0,-1,0,R,1,4,,
570,0,0,0,-1,0,R,1,4,,
571,0,0,0,-1,0,R,1,4,,
572,0,0,0,-1,0,R,1,4,,
573,0,0,0,-1,0,R,1,4,,
574,0,0,0,-1,0,R,1,4,,
575,0,0,0,-1,0,R,1,4,,
576,0,0,0,-1,0,R,1,4,,
577,0,0,0,-1,0,R,1,4,,
578,0,0,0,-1,0,R,1,4,,
579,0,0,0,-1,0,R,1,4,,
580,0,0,0,-1,0,R,1,4,,
581,0,0,0,-1,0,R,1,4,,
582,0,0,0,-1,0,R,1,4,,
583,0,0,0,-1,0,R,1,4,,
584,0,0,0,-1,0,R,1,4,,
585,0,0,0,-1,0,R,1,4,,
586,0,0,0,-1,0,R,1,4,,
587,0,0,0,-1,0,R,1,4,,
588,0,0,0,-1,0,R,1,4,,
589,0,0,0,-1,0,R,1,4,,
590,0,0,0,-1,0,R,1,4,,
591,0,0,0,-1,0,R,1,4,,
592,0,0,0,-1,0,R,1,4,,
593,0,0,0,-1,0,R,1,4,,
594,0,0,0,-1,0,R,1,4,,
595,0,0,0,-1,0,R,1,4,,
596,0,0,0,-1,0,R,1,4,,
597,0,0,0,-1,0,R,1,4,,
598,0,0,0,-1,0,R,1,4,,
599,0,0,0,-1,0,R,1,4,,
600,0,0,0,-1,0,R,1,4,,
601,0,0,0,-1,0,R,1,4,,
602,0,0,0,-1,0,R,1,4,,
603,0,0,0,-1,0,R,1,4,,
604,0,0,0,-1,0,R,1,4,,
605,0,0,0,-1,0,R,1,4,,
606,0,0,0,-1,0,R,1,4,,
607,0,0,0,-1,0,R,1,4,,
608,0,0,0,-1,0,R,1,4,,
609,0,0,0,-1,0,R,1,4,,
610,0,0,0,-1,0,R,1,4,,
611,0,0,0,-1,0,R,1,4,,
612,0,0,0,-1,0,R,1,4,,
613,0,0,0,-1,0,R,1,4,,
614,0,0,0,-1,0,R,1,4,,
615,0,0,0,-1,0,R,1,4,,
616,0,0,0,-1,0,R,1,4,,
617,0,0,0,-1,0,R,1,4,,
618,0,0,0,-1,0,R,1,4,,
619,0,0,0,-1,0,R,1,4,,
620,0,0,0,-1,0,R,1,4,,
621,0,0,0,-1,0,R,1,4,,
622,0,0,0,-1,0,R,1,4,,
623,0,0,0,-1,0,R,1,4,,
624,0,0,0,-1,0,R,1,4,,
625,0,0,0,-1,0,R,1,4,,
626,0,0,0,-1,0,R,1,4,,
627,0,0,0,-1,0,R,1,4,,
628,0,0,0,-1,0,R,1,4,,
629,0,0,0,-1,0,R,1,4,,
630,0,0,0,-1,0,R,1,4,,
631,0,0,0,-1,0,R,1,4,,
632,0,0,0,-1,0,R,1,4,,
633,0,0,0,-1,0,R,1,4,,
634,0,0,0,-1,0,R,1,4,,
635,0,0,0,-1,0,R,1,4,,
636,0,0,0,-1,0,R,1,4,,
637,0,0,0,-1,0,R,1,4,,
638,0,0,0,-1,0,R,1,4,,
639,0,0,0,-1,0,R,1,4,,
640,0,0,0,-1,0,R,1,4,,
641,0,0,0,-1,0,R,1,4,,
642,0,0,0,-1,0,R,1,4,,
643,0,0,0,-1,0,R,1,4,,
644,0,0,0,-1,0,R,1,4,,
645,0,0,0,-1,0,R,1,4,,
646,0,0,0,-1,0,R,1,4,,
647,0,0,0,-1,0,R,1,4,,
648,0,0,0,-1,0,R,1,4,,
649,0,0,0,-1,0,R,1,4,,
650,0,0,0,-1,0,R,1,4,,
651,0,0,0,-1,0,R,1,4,,
652,0,0,0,-1,0,R,1,4,,
653,0,0,0,-1,0,R,1,4,,
654,0,0,0,-1,0,R,1,4,,
655,0,0,0,-1,0,R,1,4,,
656,0,0,0,-1,0,R,1,4,,
657,0,0,0,-1,0,R,1,4,,
658,0,0,0,-1,0,R,1,4,,
659,0,0,0,-1,0,R,1,4,,
660,0,0,0,-1,0,R,1,4,,
661,0,0,0,-1,0,R,1,4,,
662,0,0,0,-1,0,R,1,4,,
663,0,0,0,-1,0,R,1,4,,
664,0,0,0,-1,0,R,1,4,,
665,0,0,0,-1,0,R,1,4,,
666,0,0,0,-1,0,R,1,4,,
667,0,0,0,-1,0,R,1,4,,
668,0,0,0,-1,0,R,1,4,,
669,0,0,0,-1,0,R,1,4,,
670,0,0,0,-1,0,R,1,4,,
671,0,0,0,-1,0,R,1,4,,
672,0,0,0,-1,0,R,1,4,,
673,0,0,0,-1,0,R,1,4,,
674,0,0,0,-1,0,R,1,4,,
675,0,0,0,-1,0,R,1,4,,
676,0,0,0,-1,0,R,1,4,,
677,0,0,0,-1,0,R,1,4,,
678,0,0,0,-1,0,R,1,4,,
679,0,0,0,-1,0,R,1,4,,
680,0,0,0,-1,0,R,1,4,,
681,0,0,0,-1,0,R,1,4,,
682,0,0,0,-1,0,R,1,4,,
683,0,0,0,-1,0,R,1,4,,
684,0,0,0,-1,0,R,1,4,,
685,0,0,0,-1,0,R,1,4,,
686,0,0,0,-1,0,R,1,4,,
687,0,0,0,-1,0,R,1,4,,
688,0,0,0,-1,0,R,1,4,,
689,0,0,0,-1,0,R,1,4,,
690,0,0,0,-1,0,R,1,5,,
691,0,0,0,-1,0,R,1,5,,
692,0,0,0,-1,0,R,1,5,,
693,0,0,0,-1,0,R,1,5,,
694,0,0,0,-1,0,R,1,5,,
695,0,0,0,-1,0,R,1,5,,
696,0,0,0,-1,0,R,1,5,,
697,0,0,0,-1,0,R,1,5,,
698,0,0,0,-1,0,R,1,5,,
699,0,0,0,-1,0,R,1,5,,
700,0,0,0,-1,0,R,1,5,,
701,0,0,0,-1,0,R,1,5,,
702,0,0,0,-1,0,R,1,5,,
703,0,0,0,-1,0,R,1,5,,
704,0,0,0,-1,0,R,1,5,,
705,0,0,0,-1,0,R,1,5,,
706,0,0,0,-1,0,R,1,5,,
707,0,0,0,-1,0,R,1,5,,
708,0,0,0,-1,0,R,1,5,,
709,0,0,0,-1,0,R,1,5,,
710,0,0,0,-1,0,R,1,5,,
711,0,0,0,-1,0,R,1,5,,
712,0,0,0,-1,0,R,1,5,,
713,0,0,0,-1,0,R,1,5,,
714,0,0,0,-1,0,R,1,5,,
715,0,0,0,-1,0,R,1,5,,
716,0,0,0,-1,0,R,1,5,,
717,0,0,0,-1,0,R,1,5,,
718,0,0,0,-1,0,R,1,5,,
719,0,0,0,-1,0,R,1,5,,
720,0,0,0,-1,0,R,1,5,,
721,0,0,0,-1,0,R,1,5,,
722,0,0,0,-1,0,R,1,5,,
723,0,0,0,-1,0,R,1,5,,
724,0,0,0,-1,0,R,1,5,,
725,0,0,0,-1,0,R,1,5,,
726,0,0,0,-1,0,R,1,5,,
727,0,0,0,-1,0,R,1,5,,
728,0,0,0,-1,0,R,1,5,,
729,0,0,0,-1,0,R,1,5,,
730,0,0,0,-1,0,R,1,5,,
731,0,0,0,-1,0,R,1,5,,
732,0,0,0,-1,0,R,1,5,,
733,0,0,0,-1,0,R,1,5,,
734,0,0,0,-1,0,R,1,5,,
735,0,0,0,-1,0,R,1,5,,
736,0,0,0,-1,0,R,1,5,,
737,0,0,0,-1,0,R,1,5,,
738,0,0,0,-1,0,R,1,5,,
739,0,0,0,-1,0,R,1,5,,
740,0,0,0,-1,0,R,1,5,,
741,0,0,0,-1,0,R,1,5,,
742,0,0,0,-1,0,R,1,5,,
743,0,0,0,-1,0,R,1,5,,
744,0,0,0,-1,0,R,1,5,,
745,0,0,0,-1,0,R,1,5,,
746,0,0,0,-1,0,R,1,5,,
747,0,0,0,-1,0,R,1,5,,
748,0,0,0,-1,0,R,1,5,,
749,0,0,0,-1,0,R,1,5,,
750,0,0,0,-1,0,R,1,5,,
751,0,0,0,-1,0,R,1,5,,
752,0,0,0,-1,0,R,1,5,,
753,0,0,0,-1,0,R,1,5,,
754,0,0,0,-1,0,R,1,5,,
755,0,0,0,-1,0,R,1,5,,
756,0,0,0,-1,0,R,1,5,,
757,0,0,0,-1,0,R,1,5,,
758,0,0,0,-1,0,R,1,5,,
759,0,0,0,-1,0,R,1,5,,
760,0,0,0,-1,0,R,1,5,,
761,0,0,0,-1,0,R,1,5,,
762,0,0,0,-1,0,R,1,5,,
763,0,0,0,-1,0,R,1,5,,
764,0,0,0,-1,0,R,1,5,,
765,0,0,0,-1,0,R,1,5,,
766,0,0,0,-1,0,R,1,5,,
767,0,0,0,-1,0,R,1,5,,
768,0,0,0,-1,0,R,1,5,,
769,0,0,0,-1,0,R,1,5,,
770,0,0,0,-1,0,R,1,5,,
771,0,0,0,-1,0,R,1,5,,
772,0,0,0,-1,0,R,1,5,,
773,0,0,0,-1,0,R,1,5,,
774,0,0,0,-1,0,R,1,5,,
775,0,0,0,-1,0,R,1,5,,
776,0,0,0,-1,0,R,1,5,,
777,0,0,0,-1,0,R,1,5,,
778,0,0,0,-1,0,R,1,5,,
779,0,0,0,-1,0,R,1,5,,
780,0,0,0,-1,0,R,1,5,,
781,0,0,0,-1,0,R,1,5,,
782,0,0,0,-1,0,R,1,5,,
783,0,0,0,-1,0,R,1,5,,
784,0,0,0,-1,0,R,1,5,,
785,0,0,0,-1,0,R,1,5,,
786,0,0,0,-1,0,R,1,5,,
787,0,0,0,-1,0,R,1,5,,
788,0,0,0,-1,0,R,1,5,,
789,0,0,0,-1,0,R,1,5,,
790,0,0,0,-1,0,R,1,5,,
791,0,0,0,-1,0,R,1,5,,
792,0,0,0,-1,0,R,1,5,,
793,0,0,0,-1,0,R,1,5,,
794,0,0,0,-1,0,R,1,5,,
795,0,0,0,-1,0,R,1,5,,
796,0,0,0,-1,0,R,1,5,,
797,0,0,0,-1,0,R,1,5,,
798,0,0,0,-1,0,R,1,5,,
799,0,0,0,-1,0,R,1,5,,
800,0,0,0,-1,0,R,1,5,,
801,0,0,0,-1,0,R,1,5,,
802,0,0,0,-1,0,R,1,5,,
803,0,0,0,-1,0,R,1,5,,
804,0,0,0,-1,0,R,1,5,,
805,0,0,0,-1,0,R,1,5,,
806,0,0,0,-1,0,R,1,5,,
807,0,0,0,-1,0,R,1,5,,
808,0,0,0,-1,0,R,1,5,,
809,0,0,0,-1,0,R,1,5,,
810,0,0,0,-1,0,R,1,5,,
811,0,0,0,-1,0,R,1,5,,
812,0,0,0,-1,0,R,1,5,,
813,0,0,0,-1,0,R,1,5,,
814,0,0,0,-1,0,R,1,5,,
815,0,0,0,-1,0,R,1,5,,
816,0,0,0,-1,0,R,1,5,,
817,0,0,0,-1,0,R,1,5,,
818,0,0,0,-1,0,R,1,5,,
819,0,0,0,-1,0,R,1,5,,
820,0,0,0,-1,0,R,1,5,,
821,0,0,0,-1,0,R,1,6,,
822,0,0,0,-1,0,R,1,6,,
823,0,0,0,-1,0,R,1,6,,
824,0,0,0,-1,0,R,1,6,,
825,0,0,0,-1,0,R,1,6,,
826,0,0,0,-1,0,R,1,6,,
827,0,0,0,-1,0,R,1,6,,
828,0,0,0,-1,0,R,1,6,,
829,0,0,0,-1,0,R,1,6,,
830,0,0,0,-1,0,R,1,6,,
831,0,0,0,-1,0,R,1,6,,
832,0,0,0,-1,0,R,1,6,,
833,0,0,0,-1,0,R,1,6,,
834,0,0,0,-1,0,R,1,6,,
835,0,0,0,-1,0,R,1,6,,
836,0,0,0,-1,0,R,1,6,,
837,0,0,0,-1,0,R,1,6,,
838,0,0,0,-1,0,R,1,6,,
839,0,0,0,-1,0,R,1,6,,
840,0,0,0,-1,0,R,1,6,,
841,0,0,0,-1,0,R,1,6,,
842,0,0,0,-1,0,R,1,6,,
843,0,0,0,-1,0,R,1,6,,
844,0,0,0,-1,0,R,1,6,,
845,0,0,0,-1,0,R,1,6,,
846,0,0,0,-1,0,R,1,6,,
847,0,0,0,-1,0,R,1,6,,
848,0,0,0,-1,0,R,1,6,,
849,0,0,0,-1,0,R,1,6,,
850,0,0,0,-1,0,R,1,6,,
851,0,0,0,-1,0,R,1,6,,
852,0,0,0,-1,0,R,1,6,,
853,0,0,0,-1,0,R,1,6,,
854,0,0,0,-1,0,R,1,6,,
855,0,0,0,-1,0,R,1,6,,
856,0,0,0,-1,0,R,1,6,,
857,0,0,0,-1,0,R,1,6,,
858,0,0,0,-1,0,R,1,6,,
859,0,0,0,-1,0,R,1,6,,
860,0,0,0,-1,0,R,1,6,,
861,0,0,0,-1,0,R,1,6,,
862,0,0,0,-1,0,R,1,6,,
863,0,0,0,-1,0,R,1,6,,
864,0,0,0,-1,0,R,1,6,,
865,0,0,0,-1,0,R,1,6,,
866,0,0,0,-1,0,R,1,6,,
867,0,0,0,-1,0,R,1,6,,
868,0,0,0,-1,0,R,1,6,,
869,0,0,0,-1,0,R,1,6,,
870,0,0,0,-1,0,R,1,6,,
871,0,0,0,-1,0,R,1,6,,
872,0,0,0,-1,0,R,1,6,,
873,0,0,0,-1,0,R,1,6,,
874,0,0,0,-1,0,R,1,6,,
875,0,0,0,-1,0,R,1,6,,
876,0,0,0,-1,0,R,1,6,,
877,0,0,0,-1,0,R,1,6,,
878,0,0,0,-1,0,R,1,6,,
879,0,0,0,-1,0,R,1,6,,
880,0,0,0,-1,0,R,1,6,,
881,0,0,0,-1,0,R,1,6,,
882,0,0,0,-1,0,R,1,6,,
883,0,0,0,-1,0,R,1,6,,
884,0,0,0,-1,0,R,1,6,,
885,0,0,0,-1,0,R,1,6,,
886,0,0,0,-1,0,R,1,6,,
887,0,0,0,-1,0,R,1,6,,
888,0,0,0,-1,0,R,1,6,,
889,0,0,0,-1,0,R,1,6,,
890,0,0,0,-1,0,R,1,6,,
891,0,0,0,-1,0,R,1,6,,
892,0,0,0,-1,0,R,1,6,,
893,0,0,0,-1,0,R,1,6,,
894,0,0,0,-1,0,R,1,6,,
895,0,0,0,-1,0,R,1,6,,
896,0,0,0,-1,0,R,1,6,,
897,0,0,0,-1,0,R,1,6,,
898,0,0,0,-1,0,R,1,6,,
899,0,0,0,-1,0,R,1,6,,
900,0,0,0,-1,0,R,1,6,,
901,0,0,0,-1,0,R,1,6,,
902,0,0,0,-1,0,R,1,7,,
903,0,0,0,-1,0,R,1,7,,
904,0,0,0,-1,0,R,1,7,,
905,0,0,0,-1,0,R,1,7,,
906,0,0,0,-1,0,R,1,7,,
907,0,0,0,-1,0,R,1,7,,
908,0,0,0,-1,0,R,1,7,,
909,0,0,0,-1,0,R,1,7,,
910,0,0,0,-1,0,R,1,7,,
911,0,0,0,-1,0,R,1,7,,
912,0,0,0,-1,0,R,1,7,,
913,0,0,0,-1,0,R,1,7,,
914,0,0,0,-1,0,R,1,7,,
915,0,0,0,-1,0,R,1,7,,
916,0,0,0,-1,0,R,1,7,,
917,0,0,0,-1,0,R,1,7,,
918,0,0,0,-1,0,R,1,7,,
919,0,0,0,-1,0,R,1,7,,
920,0,0,0,-1,0,R,1,7,,
921,0,0,0,-1,0,R,1,7,,
922,0,0,0,-1,0,R,1,7,,
923,0,0,0,-1,0,R,1,7,,
924,0,0,0,-1,0,R,1,7,,
925,0,0,0,-1,0,R,1,7,,
926,0,0,0,-1,0,R,1,7,,
927,0,0,0,-1,0,R,1,7,,
928,0,0,0,-1,0,R,1,7,,
929,0,0,0,-1,0,R,1,7,,
930,0,0,0,-1,0,R,1,7,,
931,0,0,0,-1,0,R,1,7,,
932,0,0,0,-1,0,R,1,7,,
933,0,0,0,-1,0,R,1,7,,
934,0,0,0,-1,0,R,1,7,,
935,0,0,0,-1,0,R,1,7,,
936,0,0,0,-1,0,R,1,7,,
937,0,0,0,-1,0,R,1,7,,
938,0,0,0,-1,0,R,1,7,,
939,0,0,0,-1,0,R,1,7,,
940,0,0,0,-1,0,R,1,7,,
941,0,0,0,-1,0,R,1,7,,
942,0,0,0,-1,0,R,1,7,,
943,0,0,0,-1,0,R,1,7,,
944,0,0,0,-1,0,R,1,7,,
945,0,0,0,-1,0,R,1,7,,
946,0,0,0,-1,0,R,1,7,,
947,0,0,0,-1,0,R,1,7,,
948,0,0,0,-1,0,R,1,7,,
949,0,0,0,-1,0,R,1,8,,
950,0,0,0,-1,0,R,1,8,,
951,0,0,0,-1,0,R,1,8,,
952,0,0,0,-1,0,R,1,8,,
953,0,0,0,-1,0,R,1,8,,
954,0,0,0,-1,0,R,1,8,,
955,0,0,0,-1,0,R,1,8,,
956,0,0,0,-1,0,R,1,8,,
957,0,0,0,-1,0,R,1,8,,
958,0,0,0,-1,0,R,1,8,,
959,0,0,0,-1,0,R,1,8,,
960,0,0,0,-1,0,R,1,8,,
961,0,0,0,-1,0,R,1,8,,
962,0,0,0,-1,0,R,1,8,,
963,0,0,0,-1,0,R,1,8,,
964,0,0,0,-1,0,R,1,8,,
965,0,0,0,-1,0,R,1,8,,
966,0,0,0,-1,0,R,1,8,,
967,0,0,0,-1,0,R,1,8,,
968,0,0,0,-1,0,R,1,8,,
969,0,0,0,-1,0,R,1,8,,
970,0,0,0,-1,0,R,1,8,,
971,0,0,0,-1,0,R,1,8,,
972,0,0,0,-1,0,R,1,8,,
973,0,0,0,-1,0,R,1,8,,
974,0,0,0,-1,0,R,1,8,,
975,0,0,0,-1,0,R,1,8,,
976,0,0,0,-1,0,R,1,8,,
977,0,0,0,-1,0,R,1,8,,
978,0,0,0,-1,0,R,1,8,,
979,0,0,0,-1,0,R,1,8,,
980,0,0,0,-1,0,R,1,8,,
981,0,0,0,-1,0,R,1,8,,
982,0,0,0,-1,0,R,1,9,,
983,0,0,0,-1,0,R,1,9,,
984,0,0,0,-1,0,R,1,9,,
985,0,0,0,-1,0,R,1,9,,
986,0,0,0,-1,0,R,1,9,,
987,0,0,0,-1,0,R,1,9,,
988,0,0,0,-1,0,R,1,9,,
989,0,0,0,-1,0,R,1,9,,
990,0,0,0,-1,0,R,1,9,,
991,0,0,0,-1,0,R,1,9,,
992,0,0,0,-1,0,R,1,9,,
993,0,0,0,-1,0,R,1,9,,
994,0,0,0,-1,0,R,1,9,,
995,0,0,0,-1,0,R,1,9,,
996,0,0,0,-1,0,R,1,9,,
997,0,0,0,-1,0,R,1,9,,
998,0,0,0,-1,0,R,1,9,,
999,0,0,0,-1,0,R,1,9,,
